{
  "editorLastVersion": "0.6.13a",
  "playerSettings": {},
  "globalSettings": {},
  "blockedList": {},
  "serverSettings": {},
  "editorUVAreaAlpha": 0.8,
  "editorSelectMouseButton": 0.0,
  "titleScreenButton": true,
  "friendSettings": {},
  "keybinds": {},
  "editorDragMouseButton": -1.0,
  "editorMenuMouseButton": 1.0,
  "editorRotateMouseButton": 2.0,
  "safetyProfiles": {},
  "editorRecentProjects": [
    "C:\\Users\\coope\\curseforge\\minecraft\\Instances\\hunger\\caseoh.cpmproject"
  ],
  "editorScale": 2.0
}